Month,President,Party,MQScore,Justice,Value
Dec-00,Clinton,Dem,J1MQ,R Ginsburg,-1.731
Dec-00,Clinton,Dem,J2MQ,[Clinton 3],-1.4821
Dec-00,Clinton,Dem,J3MQ,[Clinton 4],-1.4821
Dec-00,Clinton,Dem,J4MQ,S Breyer,-1.2332
Dec-00,Clinton,Dem,J5MQ,D Souter,-0.7725
Dec-00,Clinton,Dem,J6MQ,A Kennedy,0.6823
Dec-00,Clinton,Dem,J7MQ,[G H W Bush 2],1.4156
Dec-00,Clinton,Dem,J8MQ,A Scalia,2.5145
Dec-00,Clinton,Dem,J9MQ,C Thomas,3.6037
Nov-00,Clinton,Dem,J1MQ,R Ginsburg,-1.731
Nov-00,Clinton,Dem,J2MQ,[Clinton 3],-1.4821
Nov-00,Clinton,Dem,J3MQ,[Clinton 4],-1.4821
Nov-00,Clinton,Dem,J4MQ,S Breyer,-1.2332
Nov-00,Clinton,Dem,J5MQ,D Souter,-0.7725
Nov-00,Clinton,Dem,J6MQ,A Kennedy,0.6823
Nov-00,Clinton,Dem,J7MQ,[G H W Bush 2],1.4156
Nov-00,Clinton,Dem,J8MQ,A Scalia,2.5145
Nov-00,Clinton,Dem,J9MQ,C Thomas,3.6037
Oct-00,Clinton,Dem,J1MQ,R Ginsburg,-1.731
Oct-00,Clinton,Dem,J2MQ,[Clinton 3],-1.4821
Oct-00,Clinton,Dem,J3MQ,[Clinton 4],-1.4821
Oct-00,Clinton,Dem,J4MQ,S Breyer,-1.2332
Oct-00,Clinton,Dem,J5MQ,D Souter,-0.7725
Oct-00,Clinton,Dem,J6MQ,A Kennedy,0.6823
Oct-00,Clinton,Dem,J7MQ,[G H W Bush 2],1.4156
Oct-00,Clinton,Dem,J8MQ,A Scalia,2.5145
Oct-00,Clinton,Dem,J9MQ,C Thomas,3.6037
Sep-00,Clinton,Dem,J1MQ,R Ginsburg,-1.731
Sep-00,Clinton,Dem,J2MQ,[Clinton 3],-1.4821
Sep-00,Clinton,Dem,J3MQ,[Clinton 4],-1.4821
Sep-00,Clinton,Dem,J4MQ,S Breyer,-1.2332
Sep-00,Clinton,Dem,J5MQ,D Souter,-0.7725
Sep-00,Clinton,Dem,J6MQ,A Kennedy,0.6823
Sep-00,Clinton,Dem,J7MQ,[G H W Bush 2],1.4156
Sep-00,Clinton,Dem,J8MQ,A Scalia,2.5145
Sep-00,Clinton,Dem,J9MQ,C Thomas,3.6037
Aug-00,Clinton,Dem,J1MQ,R Ginsburg,-1.731
Aug-00,Clinton,Dem,J2MQ,[Clinton 3],-1.4821
Aug-00,Clinton,Dem,J3MQ,[Clinton 4],-1.4821
Aug-00,Clinton,Dem,J4MQ,S Breyer,-1.2332
Aug-00,Clinton,Dem,J5MQ,D Souter,-0.7725
Aug-00,Clinton,Dem,J6MQ,A Kennedy,0.6823
Aug-00,Clinton,Dem,J7MQ,[G H W Bush 2],1.4156
Aug-00,Clinton,Dem,J8MQ,A Scalia,2.5145
Aug-00,Clinton,Dem,J9MQ,C Thomas,3.6037
Jul-00,Clinton,Dem,J1MQ,R Ginsburg,-1.731
Jul-00,Clinton,Dem,J2MQ,[Clinton 3],-1.4821
Jul-00,Clinton,Dem,J3MQ,[Clinton 4],-1.4821
Jul-00,Clinton,Dem,J4MQ,S Breyer,-1.2332
Jul-00,Clinton,Dem,J5MQ,D Souter,-0.7725
Jul-00,Clinton,Dem,J6MQ,A Kennedy,0.6823
Jul-00,Clinton,Dem,J7MQ,[G H W Bush 2],1.4156
Jul-00,Clinton,Dem,J8MQ,A Scalia,2.5145
Jul-00,Clinton,Dem,J9MQ,C Thomas,3.6037
Jun-00,Clinton,Dem,J1MQ,R Ginsburg,-1.731
Jun-00,Clinton,Dem,J2MQ,[Clinton 3],-1.4821
Jun-00,Clinton,Dem,J3MQ,[Clinton 4],-1.4821
Jun-00,Clinton,Dem,J4MQ,S Breyer,-1.2332
Jun-00,Clinton,Dem,J5MQ,D Souter,-0.7725
Jun-00,Clinton,Dem,J6MQ,A Kennedy,0.6823
Jun-00,Clinton,Dem,J7MQ,[G H W Bush 2],1.4156
Jun-00,Clinton,Dem,J8MQ,A Scalia,2.5145
Jun-00,Clinton,Dem,J9MQ,C Thomas,3.6037
May-00,Clinton,Dem,J1MQ,R Ginsburg,-1.731
May-00,Clinton,Dem,J2MQ,[Clinton 3],-1.4821
May-00,Clinton,Dem,J3MQ,[Clinton 4],-1.4821
May-00,Clinton,Dem,J4MQ,S Breyer,-1.2332
May-00,Clinton,Dem,J5MQ,D Souter,-0.7725
May-00,Clinton,Dem,J6MQ,A Kennedy,0.6823
May-00,Clinton,Dem,J7MQ,[G H W Bush 2],1.4156
May-00,Clinton,Dem,J8MQ,A Scalia,2.5145
May-00,Clinton,Dem,J9MQ,C Thomas,3.6037
Apr-00,Clinton,Dem,J1MQ,R Ginsburg,-1.731
Apr-00,Clinton,Dem,J2MQ,[Clinton 3],-1.4821
Apr-00,Clinton,Dem,J3MQ,[Clinton 4],-1.4821
Apr-00,Clinton,Dem,J4MQ,S Breyer,-1.2332
Apr-00,Clinton,Dem,J5MQ,D Souter,-0.7725
Apr-00,Clinton,Dem,J6MQ,A Kennedy,0.6823
Apr-00,Clinton,Dem,J7MQ,[G H W Bush 2],1.4156
Apr-00,Clinton,Dem,J8MQ,A Scalia,2.5145
Apr-00,Clinton,Dem,J9MQ,C Thomas,3.6037
Mar-00,Clinton,Dem,J1MQ,R Ginsburg,-1.731
Mar-00,Clinton,Dem,J2MQ,[Clinton 3],-1.4821
Mar-00,Clinton,Dem,J3MQ,[Clinton 4],-1.4821
Mar-00,Clinton,Dem,J4MQ,S Breyer,-1.2332
Mar-00,Clinton,Dem,J5MQ,D Souter,-0.7725
Mar-00,Clinton,Dem,J6MQ,A Kennedy,0.6823
Mar-00,Clinton,Dem,J7MQ,[G H W Bush 2],1.4156
Mar-00,Clinton,Dem,J8MQ,A Scalia,2.5145
Mar-00,Clinton,Dem,J9MQ,C Thomas,3.6037
Feb-00,Clinton,Dem,J1MQ,R Ginsburg,-1.731
Feb-00,Clinton,Dem,J2MQ,[Clinton 3],-1.4821
Feb-00,Clinton,Dem,J3MQ,[Clinton 4],-1.4821
Feb-00,Clinton,Dem,J4MQ,S Breyer,-1.2332
Feb-00,Clinton,Dem,J5MQ,D Souter,-0.7725
Feb-00,Clinton,Dem,J6MQ,A Kennedy,0.6823
Feb-00,Clinton,Dem,J7MQ,[G H W Bush 2],1.4156
Feb-00,Clinton,Dem,J8MQ,A Scalia,2.5145
Feb-00,Clinton,Dem,J9MQ,C Thomas,3.6037
Jan-00,Clinton,Dem,J1MQ,R Ginsburg,-1.731
Jan-00,Clinton,Dem,J2MQ,[Clinton 3],-1.4821
Jan-00,Clinton,Dem,J3MQ,[Clinton 4],-1.4821
Jan-00,Clinton,Dem,J4MQ,S Breyer,-1.2332
Jan-00,Clinton,Dem,J5MQ,D Souter,-0.7725
Jan-00,Clinton,Dem,J6MQ,A Kennedy,0.6823
Jan-00,Clinton,Dem,J7MQ,[G H W Bush 2],1.4156
Jan-00,Clinton,Dem,J8MQ,A Scalia,2.5145
Jan-00,Clinton,Dem,J9MQ,C Thomas,3.6037
Dec-99,Clinton,Dem,J1MQ,R Ginsburg,-1.731
Dec-99,Clinton,Dem,J2MQ,[Clinton 3],-1.4821
Dec-99,Clinton,Dem,J3MQ,[Clinton 4],-1.4821
Dec-99,Clinton,Dem,J4MQ,S Breyer,-1.2332
Dec-99,Clinton,Dem,J5MQ,D Souter,-0.7725
Dec-99,Clinton,Dem,J6MQ,A Kennedy,0.6823
Dec-99,Clinton,Dem,J7MQ,[G H W Bush 2],1.4156
Dec-99,Clinton,Dem,J8MQ,A Scalia,2.5145
Dec-99,Clinton,Dem,J9MQ,C Thomas,3.6037
Nov-99,Clinton,Dem,J1MQ,R Ginsburg,-1.731
Nov-99,Clinton,Dem,J2MQ,[Clinton 3],-1.4821
Nov-99,Clinton,Dem,J3MQ,[Clinton 4],-1.4821
Nov-99,Clinton,Dem,J4MQ,S Breyer,-1.2332
Nov-99,Clinton,Dem,J5MQ,D Souter,-0.7725
Nov-99,Clinton,Dem,J6MQ,A Kennedy,0.6823
Nov-99,Clinton,Dem,J7MQ,[G H W Bush 2],1.4156
Nov-99,Clinton,Dem,J8MQ,A Scalia,2.5145
Nov-99,Clinton,Dem,J9MQ,C Thomas,3.6037
Oct-99,Clinton,Dem,J1MQ,R Ginsburg,-1.731
Oct-99,Clinton,Dem,J2MQ,[Clinton 3],-1.4821
Oct-99,Clinton,Dem,J3MQ,[Clinton 4],-1.4821
Oct-99,Clinton,Dem,J4MQ,S Breyer,-1.2332
Oct-99,Clinton,Dem,J5MQ,D Souter,-0.7725
Oct-99,Clinton,Dem,J6MQ,A Kennedy,0.6823
Oct-99,Clinton,Dem,J7MQ,[G H W Bush 2],1.4156
Oct-99,Clinton,Dem,J8MQ,A Scalia,2.5145
Oct-99,Clinton,Dem,J9MQ,C Thomas,3.6037
Sep-99,Clinton,Dem,J1MQ,R Ginsburg,-1.731
Sep-99,Clinton,Dem,J2MQ,[Clinton 3],-1.4821
Sep-99,Clinton,Dem,J3MQ,[Clinton 4],-1.4821
Sep-99,Clinton,Dem,J4MQ,S Breyer,-1.2332
Sep-99,Clinton,Dem,J5MQ,D Souter,-0.7725
Sep-99,Clinton,Dem,J6MQ,A Kennedy,0.6823
Sep-99,Clinton,Dem,J7MQ,[G H W Bush 2],1.4156
Sep-99,Clinton,Dem,J8MQ,A Scalia,2.5145
Sep-99,Clinton,Dem,J9MQ,C Thomas,3.6037
Aug-99,Clinton,Dem,J1MQ,R Ginsburg,-1.731
Aug-99,Clinton,Dem,J2MQ,[Clinton 3],-1.4821
Aug-99,Clinton,Dem,J3MQ,[Clinton 4],-1.4821
Aug-99,Clinton,Dem,J4MQ,S Breyer,-1.2332
Aug-99,Clinton,Dem,J5MQ,D Souter,-0.7725
Aug-99,Clinton,Dem,J6MQ,A Kennedy,0.6823
Aug-99,Clinton,Dem,J7MQ,[G H W Bush 2],1.4156
Aug-99,Clinton,Dem,J8MQ,A Scalia,2.5145
Aug-99,Clinton,Dem,J9MQ,C Thomas,3.6037
Jul-99,Clinton,Dem,J1MQ,R Ginsburg,-1.731
Jul-99,Clinton,Dem,J2MQ,[Clinton 3],-1.4821
Jul-99,Clinton,Dem,J3MQ,[Clinton 4],-1.4821
Jul-99,Clinton,Dem,J4MQ,S Breyer,-1.2332
Jul-99,Clinton,Dem,J5MQ,D Souter,-0.7725
Jul-99,Clinton,Dem,J6MQ,A Kennedy,0.6823
Jul-99,Clinton,Dem,J7MQ,[G H W Bush 2],1.4156
Jul-99,Clinton,Dem,J8MQ,A Scalia,2.5145
Jul-99,Clinton,Dem,J9MQ,C Thomas,3.6037
Jun-99,Clinton,Dem,J1MQ,R Ginsburg,-1.731
Jun-99,Clinton,Dem,J2MQ,[Clinton 3],-1.4821
Jun-99,Clinton,Dem,J3MQ,S Breyer,-1.2332
Jun-99,Clinton,Dem,J4MQ,D Souter,-0.7725
Jun-99,Clinton,Dem,J5MQ,A Kennedy,0.6823
Jun-99,Clinton,Dem,J6MQ,S D O'Connor,1.0147
Jun-99,Clinton,Dem,J7MQ,[G H W Bush 2],1.4156
Jun-99,Clinton,Dem,J8MQ,A Scalia,2.5145
Jun-99,Clinton,Dem,J9MQ,C Thomas,3.6037
May-99,Clinton,Dem,J1MQ,R Ginsburg,-1.731
May-99,Clinton,Dem,J2MQ,[Clinton 3],-1.4821
May-99,Clinton,Dem,J3MQ,S Breyer,-1.2332
May-99,Clinton,Dem,J4MQ,D Souter,-0.7725
May-99,Clinton,Dem,J5MQ,A Kennedy,0.6823
May-99,Clinton,Dem,J6MQ,S D O'Connor,1.0147
May-99,Clinton,Dem,J7MQ,[G H W Bush 2],1.4156
May-99,Clinton,Dem,J8MQ,A Scalia,2.5145
May-99,Clinton,Dem,J9MQ,C Thomas,3.6037
Apr-99,Clinton,Dem,J1MQ,R Ginsburg,-1.731
Apr-99,Clinton,Dem,J2MQ,[Clinton 3],-1.4821
Apr-99,Clinton,Dem,J3MQ,S Breyer,-1.2332
Apr-99,Clinton,Dem,J4MQ,D Souter,-0.7725
Apr-99,Clinton,Dem,J5MQ,A Kennedy,0.6823
Apr-99,Clinton,Dem,J6MQ,S D O'Connor,1.0147
Apr-99,Clinton,Dem,J7MQ,[G H W Bush 2],1.4156
Apr-99,Clinton,Dem,J8MQ,A Scalia,2.5145
Apr-99,Clinton,Dem,J9MQ,C Thomas,3.6037
Mar-99,Clinton,Dem,J1MQ,R Ginsburg,-1.731
Mar-99,Clinton,Dem,J2MQ,[Clinton 3],-1.4821
Mar-99,Clinton,Dem,J3MQ,S Breyer,-1.2332
Mar-99,Clinton,Dem,J4MQ,D Souter,-0.7725
Mar-99,Clinton,Dem,J5MQ,A Kennedy,0.6823
Mar-99,Clinton,Dem,J6MQ,S D O'Connor,1.0147
Mar-99,Clinton,Dem,J7MQ,[G H W Bush 2],1.4156
Mar-99,Clinton,Dem,J8MQ,A Scalia,2.5145
Mar-99,Clinton,Dem,J9MQ,C Thomas,3.6037
Feb-99,Clinton,Dem,J1MQ,R Ginsburg,-1.731
Feb-99,Clinton,Dem,J2MQ,[Clinton 3],-1.4821
Feb-99,Clinton,Dem,J3MQ,S Breyer,-1.2332
Feb-99,Clinton,Dem,J4MQ,D Souter,-0.7725
Feb-99,Clinton,Dem,J5MQ,A Kennedy,0.6823
Feb-99,Clinton,Dem,J6MQ,S D O'Connor,1.0147
Feb-99,Clinton,Dem,J7MQ,[G H W Bush 2],1.4156
Feb-99,Clinton,Dem,J8MQ,A Scalia,2.5145
Feb-99,Clinton,Dem,J9MQ,C Thomas,3.6037
Jan-99,Clinton,Dem,J1MQ,R Ginsburg,-1.731
Jan-99,Clinton,Dem,J2MQ,[Clinton 3],-1.4821
Jan-99,Clinton,Dem,J3MQ,S Breyer,-1.2332
Jan-99,Clinton,Dem,J4MQ,D Souter,-0.7725
Jan-99,Clinton,Dem,J5MQ,A Kennedy,0.6823
Jan-99,Clinton,Dem,J6MQ,S D O'Connor,1.0147
Jan-99,Clinton,Dem,J7MQ,[G H W Bush 2],1.4156
Jan-99,Clinton,Dem,J8MQ,A Scalia,2.5145
Jan-99,Clinton,Dem,J9MQ,C Thomas,3.6037
Dec-98,Clinton,Dem,J1MQ,R Ginsburg,-1.731
Dec-98,Clinton,Dem,J2MQ,[Clinton 3],-1.4821
Dec-98,Clinton,Dem,J3MQ,S Breyer,-1.2332
Dec-98,Clinton,Dem,J4MQ,D Souter,-0.7725
Dec-98,Clinton,Dem,J5MQ,A Kennedy,0.6823
Dec-98,Clinton,Dem,J6MQ,S D O'Connor,1.0147
Dec-98,Clinton,Dem,J7MQ,[G H W Bush 2],1.4156
Dec-98,Clinton,Dem,J8MQ,A Scalia,2.5145
Dec-98,Clinton,Dem,J9MQ,C Thomas,3.6037
Nov-98,Clinton,Dem,J1MQ,R Ginsburg,-1.731
Nov-98,Clinton,Dem,J2MQ,[Clinton 3],-1.4821
Nov-98,Clinton,Dem,J3MQ,S Breyer,-1.2332
Nov-98,Clinton,Dem,J4MQ,D Souter,-0.7725
Nov-98,Clinton,Dem,J5MQ,A Kennedy,0.6823
Nov-98,Clinton,Dem,J6MQ,S D O'Connor,1.0147
Nov-98,Clinton,Dem,J7MQ,[G H W Bush 2],1.4156
Nov-98,Clinton,Dem,J8MQ,A Scalia,2.5145
Nov-98,Clinton,Dem,J9MQ,C Thomas,3.6037
Oct-98,Clinton,Dem,J1MQ,R Ginsburg,-1.731
Oct-98,Clinton,Dem,J2MQ,[Clinton 3],-1.4821
Oct-98,Clinton,Dem,J3MQ,S Breyer,-1.2332
Oct-98,Clinton,Dem,J4MQ,D Souter,-0.7725
Oct-98,Clinton,Dem,J5MQ,A Kennedy,0.6823
Oct-98,Clinton,Dem,J6MQ,S D O'Connor,1.0147
Oct-98,Clinton,Dem,J7MQ,[G H W Bush 2],1.4156
Oct-98,Clinton,Dem,J8MQ,A Scalia,2.5145
Oct-98,Clinton,Dem,J9MQ,C Thomas,3.6037
Sep-98,Clinton,Dem,J1MQ,R Ginsburg,-1.731
Sep-98,Clinton,Dem,J2MQ,[Clinton 3],-1.4821
Sep-98,Clinton,Dem,J3MQ,S Breyer,-1.2332
Sep-98,Clinton,Dem,J4MQ,D Souter,-0.7725
Sep-98,Clinton,Dem,J5MQ,A Kennedy,0.6823
Sep-98,Clinton,Dem,J6MQ,S D O'Connor,1.0147
Sep-98,Clinton,Dem,J7MQ,[G H W Bush 2],1.4156
Sep-98,Clinton,Dem,J8MQ,A Scalia,2.5145
Sep-98,Clinton,Dem,J9MQ,C Thomas,3.6037
Aug-98,Clinton,Dem,J1MQ,R Ginsburg,-1.731
Aug-98,Clinton,Dem,J2MQ,[Clinton 3],-1.4821
Aug-98,Clinton,Dem,J3MQ,S Breyer,-1.2332
Aug-98,Clinton,Dem,J4MQ,D Souter,-0.7725
Aug-98,Clinton,Dem,J5MQ,A Kennedy,0.6823
Aug-98,Clinton,Dem,J6MQ,S D O'Connor,1.0147
Aug-98,Clinton,Dem,J7MQ,[G H W Bush 2],1.4156
Aug-98,Clinton,Dem,J8MQ,A Scalia,2.5145
Aug-98,Clinton,Dem,J9MQ,C Thomas,3.6037
Jul-98,Clinton,Dem,J1MQ,R Ginsburg,-1.731
Jul-98,Clinton,Dem,J2MQ,[Clinton 3],-1.4821
Jul-98,Clinton,Dem,J3MQ,S Breyer,-1.2332
Jul-98,Clinton,Dem,J4MQ,D Souter,-0.7725
Jul-98,Clinton,Dem,J5MQ,A Kennedy,0.6823
Jul-98,Clinton,Dem,J6MQ,S D O'Connor,1.0147
Jul-98,Clinton,Dem,J7MQ,[G H W Bush 2],1.4156
Jul-98,Clinton,Dem,J8MQ,A Scalia,2.5145
Jul-98,Clinton,Dem,J9MQ,C Thomas,3.6037
Jun-98,Clinton,Dem,J1MQ,R Ginsburg,-1.731
Jun-98,Clinton,Dem,J2MQ,[Clinton 3],-1.4821
Jun-98,Clinton,Dem,J3MQ,S Breyer,-1.2332
Jun-98,Clinton,Dem,J4MQ,D Souter,-0.7725
Jun-98,Clinton,Dem,J5MQ,A Kennedy,0.6823
Jun-98,Clinton,Dem,J6MQ,S D O'Connor,1.0147
Jun-98,Clinton,Dem,J7MQ,[G H W Bush 2],1.4156
Jun-98,Clinton,Dem,J8MQ,A Scalia,2.5145
Jun-98,Clinton,Dem,J9MQ,C Thomas,3.6037
May-98,Clinton,Dem,J1MQ,R Ginsburg,-1.731
May-98,Clinton,Dem,J2MQ,[Clinton 3],-1.4821
May-98,Clinton,Dem,J3MQ,S Breyer,-1.2332
May-98,Clinton,Dem,J4MQ,D Souter,-0.7725
May-98,Clinton,Dem,J5MQ,A Kennedy,0.6823
May-98,Clinton,Dem,J6MQ,S D O'Connor,1.0147
May-98,Clinton,Dem,J7MQ,[G H W Bush 2],1.4156
May-98,Clinton,Dem,J8MQ,A Scalia,2.5145
May-98,Clinton,Dem,J9MQ,C Thomas,3.6037
Apr-98,Clinton,Dem,J1MQ,R Ginsburg,-1.731
Apr-98,Clinton,Dem,J2MQ,[Clinton 3],-1.4821
Apr-98,Clinton,Dem,J3MQ,S Breyer,-1.2332
Apr-98,Clinton,Dem,J4MQ,D Souter,-0.7725
Apr-98,Clinton,Dem,J5MQ,A Kennedy,0.6823
Apr-98,Clinton,Dem,J6MQ,S D O'Connor,1.0147
Apr-98,Clinton,Dem,J7MQ,[G H W Bush 2],1.4156
Apr-98,Clinton,Dem,J8MQ,A Scalia,2.5145
Apr-98,Clinton,Dem,J9MQ,C Thomas,3.6037
Mar-98,Clinton,Dem,J1MQ,R Ginsburg,-1.731
Mar-98,Clinton,Dem,J2MQ,[Clinton 3],-1.4821
Mar-98,Clinton,Dem,J3MQ,S Breyer,-1.2332
Mar-98,Clinton,Dem,J4MQ,D Souter,-0.7725
Mar-98,Clinton,Dem,J5MQ,A Kennedy,0.6823
Mar-98,Clinton,Dem,J6MQ,S D O'Connor,1.0147
Mar-98,Clinton,Dem,J7MQ,[G H W Bush 2],1.4156
Mar-98,Clinton,Dem,J8MQ,A Scalia,2.5145
Mar-98,Clinton,Dem,J9MQ,C Thomas,3.6037
Feb-98,Clinton,Dem,J1MQ,R Ginsburg,-1.731
Feb-98,Clinton,Dem,J2MQ,[Clinton 3],-1.4821
Feb-98,Clinton,Dem,J3MQ,S Breyer,-1.2332
Feb-98,Clinton,Dem,J4MQ,D Souter,-0.7725
Feb-98,Clinton,Dem,J5MQ,A Kennedy,0.6823
Feb-98,Clinton,Dem,J6MQ,S D O'Connor,1.0147
Feb-98,Clinton,Dem,J7MQ,[G H W Bush 2],1.4156
Feb-98,Clinton,Dem,J8MQ,A Scalia,2.5145
Feb-98,Clinton,Dem,J9MQ,C Thomas,3.6037
Jan-98,Clinton,Dem,J1MQ,R Ginsburg,-1.731
Jan-98,Clinton,Dem,J2MQ,[Clinton 3],-1.4821
Jan-98,Clinton,Dem,J3MQ,S Breyer,-1.2332
Jan-98,Clinton,Dem,J4MQ,D Souter,-0.7725
Jan-98,Clinton,Dem,J5MQ,A Kennedy,0.6823
Jan-98,Clinton,Dem,J6MQ,S D O'Connor,1.0147
Jan-98,Clinton,Dem,J7MQ,[G H W Bush 2],1.4156
Jan-98,Clinton,Dem,J8MQ,A Scalia,2.5145
Jan-98,Clinton,Dem,J9MQ,C Thomas,3.6037
Dec-97,Clinton,Dem,J1MQ,R Ginsburg,-1.731
Dec-97,Clinton,Dem,J2MQ,[Clinton 3],-1.4821
Dec-97,Clinton,Dem,J3MQ,S Breyer,-1.2332
Dec-97,Clinton,Dem,J4MQ,D Souter,-0.7725
Dec-97,Clinton,Dem,J5MQ,A Kennedy,0.6823
Dec-97,Clinton,Dem,J6MQ,S D O'Connor,1.0147
Dec-97,Clinton,Dem,J7MQ,[G H W Bush 2],1.4156
Dec-97,Clinton,Dem,J8MQ,A Scalia,2.5145
Dec-97,Clinton,Dem,J9MQ,C Thomas,3.6037
Nov-97,Clinton,Dem,J1MQ,R Ginsburg,-1.731
Nov-97,Clinton,Dem,J2MQ,[Clinton 3],-1.4821
Nov-97,Clinton,Dem,J3MQ,S Breyer,-1.2332
Nov-97,Clinton,Dem,J4MQ,D Souter,-0.7725
Nov-97,Clinton,Dem,J5MQ,A Kennedy,0.6823
Nov-97,Clinton,Dem,J6MQ,S D O'Connor,1.0147
Nov-97,Clinton,Dem,J7MQ,[G H W Bush 2],1.4156
Nov-97,Clinton,Dem,J8MQ,A Scalia,2.5145
Nov-97,Clinton,Dem,J9MQ,C Thomas,3.6037
Oct-97,Clinton,Dem,J1MQ,R Ginsburg,-1.731
Oct-97,Clinton,Dem,J2MQ,[Clinton 3],-1.4821
Oct-97,Clinton,Dem,J3MQ,S Breyer,-1.2332
Oct-97,Clinton,Dem,J4MQ,D Souter,-0.7725
Oct-97,Clinton,Dem,J5MQ,A Kennedy,0.6823
Oct-97,Clinton,Dem,J6MQ,S D O'Connor,1.0147
Oct-97,Clinton,Dem,J7MQ,[G H W Bush 2],1.4156
Oct-97,Clinton,Dem,J8MQ,A Scalia,2.5145
Oct-97,Clinton,Dem,J9MQ,C Thomas,3.6037
Sep-97,Clinton,Dem,J1MQ,R Ginsburg,-1.731
Sep-97,Clinton,Dem,J2MQ,[Clinton 3],-1.4821
Sep-97,Clinton,Dem,J3MQ,S Breyer,-1.2332
Sep-97,Clinton,Dem,J4MQ,D Souter,-0.7725
Sep-97,Clinton,Dem,J5MQ,A Kennedy,0.6823
Sep-97,Clinton,Dem,J6MQ,S D O'Connor,1.0147
Sep-97,Clinton,Dem,J7MQ,[G H W Bush 2],1.4156
Sep-97,Clinton,Dem,J8MQ,A Scalia,2.5145
Sep-97,Clinton,Dem,J9MQ,C Thomas,3.6037
Aug-97,Clinton,Dem,J1MQ,R Ginsburg,-1.731
Aug-97,Clinton,Dem,J2MQ,[Clinton 3],-1.4821
Aug-97,Clinton,Dem,J3MQ,S Breyer,-1.2332
Aug-97,Clinton,Dem,J4MQ,D Souter,-0.7725
Aug-97,Clinton,Dem,J5MQ,A Kennedy,0.6823
Aug-97,Clinton,Dem,J6MQ,S D O'Connor,1.0147
Aug-97,Clinton,Dem,J7MQ,[G H W Bush 2],1.4156
Aug-97,Clinton,Dem,J8MQ,A Scalia,2.5145
Aug-97,Clinton,Dem,J9MQ,C Thomas,3.6037
Jul-97,Clinton,Dem,J1MQ,R Ginsburg,-1.731
Jul-97,Clinton,Dem,J2MQ,[Clinton 3],-1.4821
Jul-97,Clinton,Dem,J3MQ,S Breyer,-1.2332
Jul-97,Clinton,Dem,J4MQ,D Souter,-0.7725
Jul-97,Clinton,Dem,J5MQ,A Kennedy,0.6823
Jul-97,Clinton,Dem,J6MQ,S D O'Connor,1.0147
Jul-97,Clinton,Dem,J7MQ,[G H W Bush 2],1.4156
Jul-97,Clinton,Dem,J8MQ,A Scalia,2.5145
Jul-97,Clinton,Dem,J9MQ,C Thomas,3.6037
Jun-97,Clinton,Dem,J1MQ,R Ginsburg,-1.731
Jun-97,Clinton,Dem,J2MQ,[Clinton 3],-1.4821
Jun-97,Clinton,Dem,J3MQ,S Breyer,-1.2332
Jun-97,Clinton,Dem,J4MQ,D Souter,-0.7725
Jun-97,Clinton,Dem,J5MQ,A Kennedy,0.6823
Jun-97,Clinton,Dem,J6MQ,S D O'Connor,1.0147
Jun-97,Clinton,Dem,J7MQ,[G H W Bush 2],1.4156
Jun-97,Clinton,Dem,J8MQ,A Scalia,2.5145
Jun-97,Clinton,Dem,J9MQ,C Thomas,3.6037
May-97,Clinton,Dem,J1MQ,R Ginsburg,-1.731
May-97,Clinton,Dem,J2MQ,[Clinton 3],-1.4821
May-97,Clinton,Dem,J3MQ,S Breyer,-1.2332
May-97,Clinton,Dem,J4MQ,D Souter,-0.7725
May-97,Clinton,Dem,J5MQ,A Kennedy,0.6823
May-97,Clinton,Dem,J6MQ,S D O'Connor,1.0147
May-97,Clinton,Dem,J7MQ,[G H W Bush 2],1.4156
May-97,Clinton,Dem,J8MQ,A Scalia,2.5145
May-97,Clinton,Dem,J9MQ,C Thomas,3.6037
Apr-97,Clinton,Dem,J1MQ,R Ginsburg,-1.731
Apr-97,Clinton,Dem,J2MQ,[Clinton 3],-1.4821
Apr-97,Clinton,Dem,J3MQ,S Breyer,-1.2332
Apr-97,Clinton,Dem,J4MQ,D Souter,-0.7725
Apr-97,Clinton,Dem,J5MQ,A Kennedy,0.6823
Apr-97,Clinton,Dem,J6MQ,S D O'Connor,1.0147
Apr-97,Clinton,Dem,J7MQ,[G H W Bush 2],1.4156
Apr-97,Clinton,Dem,J8MQ,A Scalia,2.5145
Apr-97,Clinton,Dem,J9MQ,C Thomas,3.6037
Mar-97,Clinton,Dem,J1MQ,R Ginsburg,-1.731
Mar-97,Clinton,Dem,J2MQ,[Clinton 3],-1.4821
Mar-97,Clinton,Dem,J3MQ,S Breyer,-1.2332
Mar-97,Clinton,Dem,J4MQ,D Souter,-0.7725
Mar-97,Clinton,Dem,J5MQ,A Kennedy,0.6823
Mar-97,Clinton,Dem,J6MQ,S D O'Connor,1.0147
Mar-97,Clinton,Dem,J7MQ,[G H W Bush 2],1.4156
Mar-97,Clinton,Dem,J8MQ,A Scalia,2.5145
Mar-97,Clinton,Dem,J9MQ,C Thomas,3.6037
Feb-97,Clinton,Dem,J1MQ,R Ginsburg,-1.731
Feb-97,Clinton,Dem,J2MQ,[Clinton 3],-1.4821
Feb-97,Clinton,Dem,J3MQ,S Breyer,-1.2332
Feb-97,Clinton,Dem,J4MQ,D Souter,-0.7725
Feb-97,Clinton,Dem,J5MQ,A Kennedy,0.6823
Feb-97,Clinton,Dem,J6MQ,S D O'Connor,1.0147
Feb-97,Clinton,Dem,J7MQ,[G H W Bush 2],1.4156
Feb-97,Clinton,Dem,J8MQ,A Scalia,2.5145
Feb-97,Clinton,Dem,J9MQ,C Thomas,3.6037
Jan-97,Clinton,Dem,J1MQ,R Ginsburg,-1.731
Jan-97,Clinton,Dem,J2MQ,[Clinton 3],-1.4821
Jan-97,Clinton,Dem,J3MQ,S Breyer,-1.2332
Jan-97,Clinton,Dem,J4MQ,D Souter,-0.7725
Jan-97,Clinton,Dem,J5MQ,A Kennedy,0.6823
Jan-97,Clinton,Dem,J6MQ,S D O'Connor,1.0147
Jan-97,Clinton,Dem,J7MQ,[G H W Bush 2],1.4156
Jan-97,Clinton,Dem,J8MQ,A Scalia,2.5145
Jan-97,Clinton,Dem,J9MQ,C Thomas,3.6037
Dec-96,Clinton,Dem,J1MQ,R Ginsburg,-1.731
Dec-96,Clinton,Dem,J2MQ,[Clinton 3],-1.4821
Dec-96,Clinton,Dem,J3MQ,S Breyer,-1.2332
Dec-96,Clinton,Dem,J4MQ,D Souter,-0.7725
Dec-96,Clinton,Dem,J5MQ,A Kennedy,0.6823
Dec-96,Clinton,Dem,J6MQ,S D O'Connor,1.0147
Dec-96,Clinton,Dem,J7MQ,[G H W Bush 2],1.4156
Dec-96,Clinton,Dem,J8MQ,A Scalia,2.5145
Dec-96,Clinton,Dem,J9MQ,C Thomas,3.6037
Nov-96,Clinton,Dem,J1MQ,R Ginsburg,-1.731
Nov-96,Clinton,Dem,J2MQ,[Clinton 3],-1.4821
Nov-96,Clinton,Dem,J3MQ,S Breyer,-1.2332
Nov-96,Clinton,Dem,J4MQ,D Souter,-0.7725
Nov-96,Clinton,Dem,J5MQ,A Kennedy,0.6823
Nov-96,Clinton,Dem,J6MQ,S D O'Connor,1.0147
Nov-96,Clinton,Dem,J7MQ,[G H W Bush 2],1.4156
Nov-96,Clinton,Dem,J8MQ,A Scalia,2.5145
Nov-96,Clinton,Dem,J9MQ,C Thomas,3.6037
Oct-96,Clinton,Dem,J1MQ,R Ginsburg,-1.731
Oct-96,Clinton,Dem,J2MQ,[Clinton 3],-1.4821
Oct-96,Clinton,Dem,J3MQ,S Breyer,-1.2332
Oct-96,Clinton,Dem,J4MQ,D Souter,-0.7725
Oct-96,Clinton,Dem,J5MQ,A Kennedy,0.6823
Oct-96,Clinton,Dem,J6MQ,S D O'Connor,1.0147
Oct-96,Clinton,Dem,J7MQ,[G H W Bush 2],1.4156
Oct-96,Clinton,Dem,J8MQ,A Scalia,2.5145
Oct-96,Clinton,Dem,J9MQ,C Thomas,3.6037
Sep-96,Clinton,Dem,J1MQ,R Ginsburg,-1.731
Sep-96,Clinton,Dem,J2MQ,[Clinton 3],-1.4821
Sep-96,Clinton,Dem,J3MQ,S Breyer,-1.2332
Sep-96,Clinton,Dem,J4MQ,D Souter,-0.7725
Sep-96,Clinton,Dem,J5MQ,A Kennedy,0.6823
Sep-96,Clinton,Dem,J6MQ,S D O'Connor,1.0147
Sep-96,Clinton,Dem,J7MQ,[G H W Bush 2],1.4156
Sep-96,Clinton,Dem,J8MQ,A Scalia,2.5145
Sep-96,Clinton,Dem,J9MQ,C Thomas,3.6037
Aug-96,Clinton,Dem,J1MQ,R Ginsburg,-1.731
Aug-96,Clinton,Dem,J2MQ,[Clinton 3],-1.4821
Aug-96,Clinton,Dem,J3MQ,S Breyer,-1.2332
Aug-96,Clinton,Dem,J4MQ,D Souter,-0.7725
Aug-96,Clinton,Dem,J5MQ,A Kennedy,0.6823
Aug-96,Clinton,Dem,J6MQ,S D O'Connor,1.0147
Aug-96,Clinton,Dem,J7MQ,[G H W Bush 2],1.4156
Aug-96,Clinton,Dem,J8MQ,A Scalia,2.5145
Aug-96,Clinton,Dem,J9MQ,C Thomas,3.6037
Jul-96,Clinton,Dem,J1MQ,R Ginsburg,-1.731
Jul-96,Clinton,Dem,J2MQ,[Clinton 3],-1.4821
Jul-96,Clinton,Dem,J3MQ,S Breyer,-1.2332
Jul-96,Clinton,Dem,J4MQ,D Souter,-0.7725
Jul-96,Clinton,Dem,J5MQ,A Kennedy,0.6823
Jul-96,Clinton,Dem,J6MQ,S D O'Connor,1.0147
Jul-96,Clinton,Dem,J7MQ,[G H W Bush 2],1.4156
Jul-96,Clinton,Dem,J8MQ,A Scalia,2.5145
Jul-96,Clinton,Dem,J9MQ,C Thomas,3.6037
Jun-96,Clinton,Dem,J1MQ,R Ginsburg,-1.731
Jun-96,Clinton,Dem,J2MQ,[Clinton 3],-1.4821
Jun-96,Clinton,Dem,J3MQ,S Breyer,-1.2332
Jun-96,Clinton,Dem,J4MQ,D Souter,-0.7725
Jun-96,Clinton,Dem,J5MQ,A Kennedy,0.6823
Jun-96,Clinton,Dem,J6MQ,S D O'Connor,1.0147
Jun-96,Clinton,Dem,J7MQ,[G H W Bush 2],1.4156
Jun-96,Clinton,Dem,J8MQ,A Scalia,2.5145
Jun-96,Clinton,Dem,J9MQ,C Thomas,3.6037
May-96,Clinton,Dem,J1MQ,R Ginsburg,-1.731
May-96,Clinton,Dem,J2MQ,[Clinton 3],-1.4821
May-96,Clinton,Dem,J3MQ,S Breyer,-1.2332
May-96,Clinton,Dem,J4MQ,D Souter,-0.7725
May-96,Clinton,Dem,J5MQ,A Kennedy,0.6823
May-96,Clinton,Dem,J6MQ,S D O'Connor,1.0147
May-96,Clinton,Dem,J7MQ,[G H W Bush 2],1.4156
May-96,Clinton,Dem,J8MQ,A Scalia,2.5145
May-96,Clinton,Dem,J9MQ,C Thomas,3.6037
Apr-96,Clinton,Dem,J1MQ,R Ginsburg,-1.731
Apr-96,Clinton,Dem,J2MQ,[Clinton 3],-1.4821
Apr-96,Clinton,Dem,J3MQ,S Breyer,-1.2332
Apr-96,Clinton,Dem,J4MQ,D Souter,-0.7725
Apr-96,Clinton,Dem,J5MQ,A Kennedy,0.6823
Apr-96,Clinton,Dem,J6MQ,S D O'Connor,1.0147
Apr-96,Clinton,Dem,J7MQ,[G H W Bush 2],1.4156
Apr-96,Clinton,Dem,J8MQ,A Scalia,2.5145
Apr-96,Clinton,Dem,J9MQ,C Thomas,3.6037
Mar-96,Clinton,Dem,J1MQ,R Ginsburg,-1.731
Mar-96,Clinton,Dem,J2MQ,[Clinton 3],-1.4821
Mar-96,Clinton,Dem,J3MQ,S Breyer,-1.2332
Mar-96,Clinton,Dem,J4MQ,D Souter,-0.7725
Mar-96,Clinton,Dem,J5MQ,A Kennedy,0.6823
Mar-96,Clinton,Dem,J6MQ,S D O'Connor,1.0147
Mar-96,Clinton,Dem,J7MQ,[G H W Bush 2],1.4156
Mar-96,Clinton,Dem,J8MQ,A Scalia,2.5145
Mar-96,Clinton,Dem,J9MQ,C Thomas,3.6037
Feb-96,Clinton,Dem,J1MQ,R Ginsburg,-1.731
Feb-96,Clinton,Dem,J2MQ,[Clinton 3],-1.4821
Feb-96,Clinton,Dem,J3MQ,S Breyer,-1.2332
Feb-96,Clinton,Dem,J4MQ,D Souter,-0.7725
Feb-96,Clinton,Dem,J5MQ,A Kennedy,0.6823
Feb-96,Clinton,Dem,J6MQ,S D O'Connor,1.0147
Feb-96,Clinton,Dem,J7MQ,[G H W Bush 2],1.4156
Feb-96,Clinton,Dem,J8MQ,A Scalia,2.5145
Feb-96,Clinton,Dem,J9MQ,C Thomas,3.6037
Jan-96,Clinton,Dem,J1MQ,R Ginsburg,-1.731
Jan-96,Clinton,Dem,J2MQ,[Clinton 3],-1.4821
Jan-96,Clinton,Dem,J3MQ,S Breyer,-1.2332
Jan-96,Clinton,Dem,J4MQ,D Souter,-0.7725
Jan-96,Clinton,Dem,J5MQ,A Kennedy,0.6823
Jan-96,Clinton,Dem,J6MQ,S D O'Connor,1.0147
Jan-96,Clinton,Dem,J7MQ,[G H W Bush 2],1.4156
Jan-96,Clinton,Dem,J8MQ,A Scalia,2.5145
Jan-96,Clinton,Dem,J9MQ,C Thomas,3.6037
Dec-95,Clinton,Dem,J1MQ,R Ginsburg,-1.731
Dec-95,Clinton,Dem,J2MQ,[Clinton 3],-1.4821
Dec-95,Clinton,Dem,J3MQ,S Breyer,-1.2332
Dec-95,Clinton,Dem,J4MQ,D Souter,-0.7725
Dec-95,Clinton,Dem,J5MQ,A Kennedy,0.6823
Dec-95,Clinton,Dem,J6MQ,S D O'Connor,1.0147
Dec-95,Clinton,Dem,J7MQ,[G H W Bush 2],1.4156
Dec-95,Clinton,Dem,J8MQ,A Scalia,2.5145
Dec-95,Clinton,Dem,J9MQ,C Thomas,3.6037
Nov-95,Clinton,Dem,J1MQ,R Ginsburg,-1.731
Nov-95,Clinton,Dem,J2MQ,[Clinton 3],-1.4821
Nov-95,Clinton,Dem,J3MQ,S Breyer,-1.2332
Nov-95,Clinton,Dem,J4MQ,D Souter,-0.7725
Nov-95,Clinton,Dem,J5MQ,A Kennedy,0.6823
Nov-95,Clinton,Dem,J6MQ,S D O'Connor,1.0147
Nov-95,Clinton,Dem,J7MQ,[G H W Bush 2],1.4156
Nov-95,Clinton,Dem,J8MQ,A Scalia,2.5145
Nov-95,Clinton,Dem,J9MQ,C Thomas,3.6037
Oct-95,Clinton,Dem,J1MQ,R Ginsburg,-1.731
Oct-95,Clinton,Dem,J2MQ,[Clinton 3],-1.4821
Oct-95,Clinton,Dem,J3MQ,S Breyer,-1.2332
Oct-95,Clinton,Dem,J4MQ,D Souter,-0.7725
Oct-95,Clinton,Dem,J5MQ,A Kennedy,0.6823
Oct-95,Clinton,Dem,J6MQ,S D O'Connor,1.0147
Oct-95,Clinton,Dem,J7MQ,[G H W Bush 2],1.4156
Oct-95,Clinton,Dem,J8MQ,A Scalia,2.5145
Oct-95,Clinton,Dem,J9MQ,C Thomas,3.6037
Sep-95,Clinton,Dem,J1MQ,R Ginsburg,-1.731
Sep-95,Clinton,Dem,J2MQ,[Clinton 3],-1.4821
Sep-95,Clinton,Dem,J3MQ,S Breyer,-1.2332
Sep-95,Clinton,Dem,J4MQ,D Souter,-0.7725
Sep-95,Clinton,Dem,J5MQ,A Kennedy,0.6823
Sep-95,Clinton,Dem,J6MQ,S D O'Connor,1.0147
Sep-95,Clinton,Dem,J7MQ,[G H W Bush 2],1.4156
Sep-95,Clinton,Dem,J8MQ,A Scalia,2.5145
Sep-95,Clinton,Dem,J9MQ,C Thomas,3.6037
Aug-95,Clinton,Dem,J1MQ,R Ginsburg,-1.731
Aug-95,Clinton,Dem,J2MQ,[Clinton 3],-1.4821
Aug-95,Clinton,Dem,J3MQ,S Breyer,-1.2332
Aug-95,Clinton,Dem,J4MQ,D Souter,-0.7725
Aug-95,Clinton,Dem,J5MQ,A Kennedy,0.6823
Aug-95,Clinton,Dem,J6MQ,S D O'Connor,1.0147
Aug-95,Clinton,Dem,J7MQ,[G H W Bush 2],1.4156
Aug-95,Clinton,Dem,J8MQ,A Scalia,2.5145
Aug-95,Clinton,Dem,J9MQ,C Thomas,3.6037
Jul-95,Clinton,Dem,J1MQ,R Ginsburg,-1.731
Jul-95,Clinton,Dem,J2MQ,[Clinton 3],-1.4821
Jul-95,Clinton,Dem,J3MQ,S Breyer,-1.2332
Jul-95,Clinton,Dem,J4MQ,D Souter,-0.7725
Jul-95,Clinton,Dem,J5MQ,A Kennedy,0.6823
Jul-95,Clinton,Dem,J6MQ,S D O'Connor,1.0147
Jul-95,Clinton,Dem,J7MQ,[G H W Bush 2],1.4156
Jul-95,Clinton,Dem,J8MQ,A Scalia,2.5145
Jul-95,Clinton,Dem,J9MQ,C Thomas,3.6037
Jun-95,Clinton,Dem,J1MQ,R Ginsburg,-1.731
Jun-95,Clinton,Dem,J2MQ,[Clinton 3],-1.4821
Jun-95,Clinton,Dem,J3MQ,S Breyer,-1.2332
Jun-95,Clinton,Dem,J4MQ,D Souter,-0.7725
Jun-95,Clinton,Dem,J5MQ,A Kennedy,0.6823
Jun-95,Clinton,Dem,J6MQ,S D O'Connor,1.0147
Jun-95,Clinton,Dem,J7MQ,[G H W Bush 2],1.4156
Jun-95,Clinton,Dem,J8MQ,A Scalia,2.5145
Jun-95,Clinton,Dem,J9MQ,C Thomas,3.6037
May-95,Clinton,Dem,J1MQ,R Ginsburg,-1.731
May-95,Clinton,Dem,J2MQ,[Clinton 3],-1.4821
May-95,Clinton,Dem,J3MQ,S Breyer,-1.2332
May-95,Clinton,Dem,J4MQ,D Souter,-0.7725
May-95,Clinton,Dem,J5MQ,A Kennedy,0.6823
May-95,Clinton,Dem,J6MQ,S D O'Connor,1.0147
May-95,Clinton,Dem,J7MQ,[G H W Bush 2],1.4156
May-95,Clinton,Dem,J8MQ,A Scalia,2.5145
May-95,Clinton,Dem,J9MQ,C Thomas,3.6037
Apr-95,Clinton,Dem,J1MQ,R Ginsburg,-1.731
Apr-95,Clinton,Dem,J2MQ,[Clinton 3],-1.4821
Apr-95,Clinton,Dem,J3MQ,S Breyer,-1.2332
Apr-95,Clinton,Dem,J4MQ,D Souter,-0.7725
Apr-95,Clinton,Dem,J5MQ,A Kennedy,0.6823
Apr-95,Clinton,Dem,J6MQ,S D O'Connor,1.0147
Apr-95,Clinton,Dem,J7MQ,[G H W Bush 2],1.4156
Apr-95,Clinton,Dem,J8MQ,A Scalia,2.5145
Apr-95,Clinton,Dem,J9MQ,C Thomas,3.6037
Mar-95,Clinton,Dem,J1MQ,R Ginsburg,-1.731
Mar-95,Clinton,Dem,J2MQ,[Clinton 3],-1.4821
Mar-95,Clinton,Dem,J3MQ,S Breyer,-1.2332
Mar-95,Clinton,Dem,J4MQ,D Souter,-0.7725
Mar-95,Clinton,Dem,J5MQ,A Kennedy,0.6823
Mar-95,Clinton,Dem,J6MQ,S D O'Connor,1.0147
Mar-95,Clinton,Dem,J7MQ,[G H W Bush 2],1.4156
Mar-95,Clinton,Dem,J8MQ,A Scalia,2.5145
Mar-95,Clinton,Dem,J9MQ,C Thomas,3.6037
Feb-95,Clinton,Dem,J1MQ,R Ginsburg,-1.731
Feb-95,Clinton,Dem,J2MQ,[Clinton 3],-1.4821
Feb-95,Clinton,Dem,J3MQ,S Breyer,-1.2332
Feb-95,Clinton,Dem,J4MQ,D Souter,-0.7725
Feb-95,Clinton,Dem,J5MQ,A Kennedy,0.6823
Feb-95,Clinton,Dem,J6MQ,S D O'Connor,1.0147
Feb-95,Clinton,Dem,J7MQ,[G H W Bush 2],1.4156
Feb-95,Clinton,Dem,J8MQ,A Scalia,2.5145
Feb-95,Clinton,Dem,J9MQ,C Thomas,3.6037
Jan-95,Clinton,Dem,J1MQ,R Ginsburg,-1.731
Jan-95,Clinton,Dem,J2MQ,[Clinton 3],-1.4821
Jan-95,Clinton,Dem,J3MQ,S Breyer,-1.2332
Jan-95,Clinton,Dem,J4MQ,D Souter,-0.7725
Jan-95,Clinton,Dem,J5MQ,A Kennedy,0.6823
Jan-95,Clinton,Dem,J6MQ,S D O'Connor,1.0147
Jan-95,Clinton,Dem,J7MQ,[G H W Bush 2],1.4156
Jan-95,Clinton,Dem,J8MQ,A Scalia,2.5145
Jan-95,Clinton,Dem,J9MQ,C Thomas,3.6037
Dec-94,Clinton,Dem,J1MQ,R Ginsburg,-1.731
Dec-94,Clinton,Dem,J2MQ,[Clinton 3],-1.4821
Dec-94,Clinton,Dem,J3MQ,S Breyer,-1.2332
Dec-94,Clinton,Dem,J4MQ,D Souter,-0.7725
Dec-94,Clinton,Dem,J5MQ,A Kennedy,0.6823
Dec-94,Clinton,Dem,J6MQ,S D O'Connor,1.0147
Dec-94,Clinton,Dem,J7MQ,[G H W Bush 2],1.4156
Dec-94,Clinton,Dem,J8MQ,A Scalia,2.5145
Dec-94,Clinton,Dem,J9MQ,C Thomas,3.6037
Nov-94,Clinton,Dem,J1MQ,R Ginsburg,-1.731
Nov-94,Clinton,Dem,J2MQ,[Clinton 3],-1.4821
Nov-94,Clinton,Dem,J3MQ,S Breyer,-1.2332
Nov-94,Clinton,Dem,J4MQ,D Souter,-0.7725
Nov-94,Clinton,Dem,J5MQ,A Kennedy,0.6823
Nov-94,Clinton,Dem,J6MQ,S D O'Connor,1.0147
Nov-94,Clinton,Dem,J7MQ,[G H W Bush 2],1.4156
Nov-94,Clinton,Dem,J8MQ,A Scalia,2.5145
Nov-94,Clinton,Dem,J9MQ,C Thomas,3.6037
Oct-94,Clinton,Dem,J1MQ,R Ginsburg,-1.731
Oct-94,Clinton,Dem,J2MQ,[Clinton 3],-1.4821
Oct-94,Clinton,Dem,J3MQ,S Breyer,-1.2332
Oct-94,Clinton,Dem,J4MQ,D Souter,-0.7725
Oct-94,Clinton,Dem,J5MQ,A Kennedy,0.6823
Oct-94,Clinton,Dem,J6MQ,S D O'Connor,1.0147
Oct-94,Clinton,Dem,J7MQ,[G H W Bush 2],1.4156
Oct-94,Clinton,Dem,J8MQ,A Scalia,2.5145
Oct-94,Clinton,Dem,J9MQ,C Thomas,3.6037
Sep-94,Clinton,Dem,J1MQ,R Ginsburg,-1.731
Sep-94,Clinton,Dem,J2MQ,[Clinton 3],-1.4821
Sep-94,Clinton,Dem,J3MQ,S Breyer,-1.2332
Sep-94,Clinton,Dem,J4MQ,D Souter,-0.7725
Sep-94,Clinton,Dem,J5MQ,A Kennedy,0.6823
Sep-94,Clinton,Dem,J6MQ,S D O'Connor,1.0147
Sep-94,Clinton,Dem,J7MQ,[G H W Bush 2],1.4156
Sep-94,Clinton,Dem,J8MQ,A Scalia,2.5145
Sep-94,Clinton,Dem,J9MQ,C Thomas,3.6037
Aug-94,Clinton,Dem,J1MQ,R Ginsburg,-1.731
Aug-94,Clinton,Dem,J2MQ,[Clinton 3],-1.4821
Aug-94,Clinton,Dem,J3MQ,S Breyer,-1.2332
Aug-94,Clinton,Dem,J4MQ,D Souter,-0.7725
Aug-94,Clinton,Dem,J5MQ,A Kennedy,0.6823
Aug-94,Clinton,Dem,J6MQ,S D O'Connor,1.0147
Aug-94,Clinton,Dem,J7MQ,[G H W Bush 2],1.4156
Aug-94,Clinton,Dem,J8MQ,A Scalia,2.5145
Aug-94,Clinton,Dem,J9MQ,C Thomas,3.6037
Jul-94,Clinton,Dem,J1MQ,R Ginsburg,-1.731
Jul-94,Clinton,Dem,J2MQ,S Breyer,-1.2332
Jul-94,Clinton,Dem,J3MQ,D Souter,-0.7725
Jul-94,Clinton,Dem,J4MQ,H Blackmun,-0.0273
Jul-94,Clinton,Dem,J5MQ,A Kennedy,0.6823
Jul-94,Clinton,Dem,J6MQ,S D O'Connor,1.0147
Jul-94,Clinton,Dem,J7MQ,[G H W Bush 2],1.4156
Jul-94,Clinton,Dem,J8MQ,A Scalia,2.5145
Jul-94,Clinton,Dem,J9MQ,C Thomas,3.6037
Jun-94,Clinton,Dem,J1MQ,R Ginsburg,-1.731
Jun-94,Clinton,Dem,J2MQ,S Breyer,-1.2332
Jun-94,Clinton,Dem,J3MQ,D Souter,-0.7725
Jun-94,Clinton,Dem,J4MQ,H Blackmun,-0.0273
Jun-94,Clinton,Dem,J5MQ,A Kennedy,0.6823
Jun-94,Clinton,Dem,J6MQ,S D O'Connor,1.0147
Jun-94,Clinton,Dem,J7MQ,[G H W Bush 2],1.4156
Jun-94,Clinton,Dem,J8MQ,A Scalia,2.5145
Jun-94,Clinton,Dem,J9MQ,C Thomas,3.6037
May-94,Clinton,Dem,J1MQ,R Ginsburg,-1.731
May-94,Clinton,Dem,J2MQ,S Breyer,-1.2332
May-94,Clinton,Dem,J3MQ,D Souter,-0.7725
May-94,Clinton,Dem,J4MQ,H Blackmun,-0.0273
May-94,Clinton,Dem,J5MQ,A Kennedy,0.6823
May-94,Clinton,Dem,J6MQ,S D O'Connor,1.0147
May-94,Clinton,Dem,J7MQ,[G H W Bush 2],1.4156
May-94,Clinton,Dem,J8MQ,A Scalia,2.5145
May-94,Clinton,Dem,J9MQ,C Thomas,3.6037
Apr-94,Clinton,Dem,J1MQ,R Ginsburg,-1.731
Apr-94,Clinton,Dem,J2MQ,S Breyer,-1.2332
Apr-94,Clinton,Dem,J3MQ,D Souter,-0.7725
Apr-94,Clinton,Dem,J4MQ,H Blackmun,-0.0273
Apr-94,Clinton,Dem,J5MQ,A Kennedy,0.6823
Apr-94,Clinton,Dem,J6MQ,S D O'Connor,1.0147
Apr-94,Clinton,Dem,J7MQ,[G H W Bush 2],1.4156
Apr-94,Clinton,Dem,J8MQ,A Scalia,2.5145
Apr-94,Clinton,Dem,J9MQ,C Thomas,3.6037
Mar-94,Clinton,Dem,J1MQ,R Ginsburg,-1.731
Mar-94,Clinton,Dem,J2MQ,S Breyer,-1.2332
Mar-94,Clinton,Dem,J3MQ,D Souter,-0.7725
Mar-94,Clinton,Dem,J4MQ,H Blackmun,-0.0273
Mar-94,Clinton,Dem,J5MQ,A Kennedy,0.6823
Mar-94,Clinton,Dem,J6MQ,S D O'Connor,1.0147
Mar-94,Clinton,Dem,J7MQ,[G H W Bush 2],1.4156
Mar-94,Clinton,Dem,J8MQ,A Scalia,2.5145
Mar-94,Clinton,Dem,J9MQ,C Thomas,3.6037
Feb-94,Clinton,Dem,J1MQ,R Ginsburg,-1.731
Feb-94,Clinton,Dem,J2MQ,S Breyer,-1.2332
Feb-94,Clinton,Dem,J3MQ,D Souter,-0.7725
Feb-94,Clinton,Dem,J4MQ,H Blackmun,-0.0273
Feb-94,Clinton,Dem,J5MQ,A Kennedy,0.6823
Feb-94,Clinton,Dem,J6MQ,S D O'Connor,1.0147
Feb-94,Clinton,Dem,J7MQ,[G H W Bush 2],1.4156
Feb-94,Clinton,Dem,J8MQ,A Scalia,2.5145
Feb-94,Clinton,Dem,J9MQ,C Thomas,3.6037
Jan-94,Clinton,Dem,J1MQ,R Ginsburg,-1.731
Jan-94,Clinton,Dem,J2MQ,S Breyer,-1.2332
Jan-94,Clinton,Dem,J3MQ,D Souter,-0.7725
Jan-94,Clinton,Dem,J4MQ,H Blackmun,-0.0273
Jan-94,Clinton,Dem,J5MQ,A Kennedy,0.6823
Jan-94,Clinton,Dem,J6MQ,S D O'Connor,1.0147
Jan-94,Clinton,Dem,J7MQ,[G H W Bush 2],1.4156
Jan-94,Clinton,Dem,J8MQ,A Scalia,2.5145
Jan-94,Clinton,Dem,J9MQ,C Thomas,3.6037
Dec-93,Clinton,Dem,J1MQ,R Ginsburg,-1.731
Dec-93,Clinton,Dem,J2MQ,S Breyer,-1.2332
Dec-93,Clinton,Dem,J3MQ,D Souter,-0.7725
Dec-93,Clinton,Dem,J4MQ,H Blackmun,-0.0273
Dec-93,Clinton,Dem,J5MQ,A Kennedy,0.6823
Dec-93,Clinton,Dem,J6MQ,S D O'Connor,1.0147
Dec-93,Clinton,Dem,J7MQ,[G H W Bush 2],1.4156
Dec-93,Clinton,Dem,J8MQ,A Scalia,2.5145
Dec-93,Clinton,Dem,J9MQ,C Thomas,3.6037
Nov-93,Clinton,Dem,J1MQ,J P Stevens,-1.8098
Nov-93,Clinton,Dem,J2MQ,R Ginsburg,-1.731
Nov-93,Clinton,Dem,J3MQ,D Souter,-0.7725
Nov-93,Clinton,Dem,J4MQ,H Blackmun,-0.0273
Nov-93,Clinton,Dem,J5MQ,A Kennedy,0.6823
Nov-93,Clinton,Dem,J6MQ,S D O'Connor,1.0147
Nov-93,Clinton,Dem,J7MQ,[G H W Bush 2],1.4156
Nov-93,Clinton,Dem,J8MQ,A Scalia,2.5145
Nov-93,Clinton,Dem,J9MQ,C Thomas,3.6037
Oct-93,Clinton,Dem,J1MQ,J P Stevens,-1.8098
Oct-93,Clinton,Dem,J2MQ,R Ginsburg,-1.731
Oct-93,Clinton,Dem,J3MQ,D Souter,-0.7725
Oct-93,Clinton,Dem,J4MQ,H Blackmun,-0.0273
Oct-93,Clinton,Dem,J5MQ,A Kennedy,0.6823
Oct-93,Clinton,Dem,J6MQ,S D O'Connor,1.0147
Oct-93,Clinton,Dem,J7MQ,[G H W Bush 2],1.4156
Oct-93,Clinton,Dem,J8MQ,A Scalia,2.5145
Oct-93,Clinton,Dem,J9MQ,C Thomas,3.6037
Sep-93,Clinton,Dem,J1MQ,J P Stevens,-1.8098
Sep-93,Clinton,Dem,J2MQ,R Ginsburg,-1.731
Sep-93,Clinton,Dem,J3MQ,D Souter,-0.7725
Sep-93,Clinton,Dem,J4MQ,H Blackmun,-0.0273
Sep-93,Clinton,Dem,J5MQ,A Kennedy,0.6823
Sep-93,Clinton,Dem,J6MQ,S D O'Connor,1.0147
Sep-93,Clinton,Dem,J7MQ,[G H W Bush 2],1.4156
Sep-93,Clinton,Dem,J8MQ,A Scalia,2.5145
Sep-93,Clinton,Dem,J9MQ,C Thomas,3.6037
Aug-93,Clinton,Dem,J1MQ,J P Stevens,-1.8098
Aug-93,Clinton,Dem,J2MQ,R Ginsburg,-1.731
Aug-93,Clinton,Dem,J3MQ,D Souter,-0.7725
Aug-93,Clinton,Dem,J4MQ,H Blackmun,-0.0273
Aug-93,Clinton,Dem,J5MQ,A Kennedy,0.6823
Aug-93,Clinton,Dem,J6MQ,S D O'Connor,1.0147
Aug-93,Clinton,Dem,J7MQ,[G H W Bush 2],1.4156
Aug-93,Clinton,Dem,J8MQ,A Scalia,2.5145
Aug-93,Clinton,Dem,J9MQ,C Thomas,3.6037
Jul-93,Clinton,Dem,J1MQ,J P Stevens,-1.8098
Jul-93,Clinton,Dem,J2MQ,R Ginsburg,-1.731
Jul-93,Clinton,Dem,J3MQ,D Souter,-0.7725
Jul-93,Clinton,Dem,J4MQ,H Blackmun,-0.0273
Jul-93,Clinton,Dem,J5MQ,A Kennedy,0.6823
Jul-93,Clinton,Dem,J6MQ,S D O'Connor,1.0147
Jul-93,Clinton,Dem,J7MQ,[G H W Bush 2],1.4156
Jul-93,Clinton,Dem,J8MQ,A Scalia,2.5145
Jul-93,Clinton,Dem,J9MQ,C Thomas,3.6037
Jun-93,Clinton,Dem,J1MQ,J P Stevens,-1.8098
Jun-93,Clinton,Dem,J2MQ,D Souter,-0.7725
Jun-93,Clinton,Dem,J3MQ,H Blackmun,-0.0273
Jun-93,Clinton,Dem,J4MQ,B White,0.436
Jun-93,Clinton,Dem,J5MQ,A Kennedy,0.6823
Jun-93,Clinton,Dem,J6MQ,S D O'Connor,1.0147
Jun-93,Clinton,Dem,J7MQ,[G H W Bush 2],1.4156
Jun-93,Clinton,Dem,J8MQ,A Scalia,2.5145
Jun-93,Clinton,Dem,J9MQ,C Thomas,3.6037
May-93,Clinton,Dem,J1MQ,J P Stevens,-1.8098
May-93,Clinton,Dem,J2MQ,D Souter,-0.7725
May-93,Clinton,Dem,J3MQ,H Blackmun,-0.0273
May-93,Clinton,Dem,J4MQ,B White,0.436
May-93,Clinton,Dem,J5MQ,A Kennedy,0.6823
May-93,Clinton,Dem,J6MQ,S D O'Connor,1.0147
May-93,Clinton,Dem,J7MQ,[G H W Bush 2],1.4156
May-93,Clinton,Dem,J8MQ,A Scalia,2.5145
May-93,Clinton,Dem,J9MQ,C Thomas,3.6037
Apr-93,Clinton,Dem,J1MQ,J P Stevens,-1.8098
Apr-93,Clinton,Dem,J2MQ,D Souter,-0.7725
Apr-93,Clinton,Dem,J3MQ,H Blackmun,-0.0273
Apr-93,Clinton,Dem,J4MQ,B White,0.436
Apr-93,Clinton,Dem,J5MQ,A Kennedy,0.6823
Apr-93,Clinton,Dem,J6MQ,S D O'Connor,1.0147
Apr-93,Clinton,Dem,J7MQ,[G H W Bush 2],1.4156
Apr-93,Clinton,Dem,J8MQ,A Scalia,2.5145
Apr-93,Clinton,Dem,J9MQ,C Thomas,3.6037
Mar-93,Clinton,Dem,J1MQ,J P Stevens,-1.8098
Mar-93,Clinton,Dem,J2MQ,D Souter,-0.7725
Mar-93,Clinton,Dem,J3MQ,H Blackmun,-0.0273
Mar-93,Clinton,Dem,J4MQ,B White,0.436
Mar-93,Clinton,Dem,J5MQ,A Kennedy,0.6823
Mar-93,Clinton,Dem,J6MQ,S D O'Connor,1.0147
Mar-93,Clinton,Dem,J7MQ,[G H W Bush 2],1.4156
Mar-93,Clinton,Dem,J8MQ,A Scalia,2.5145
Mar-93,Clinton,Dem,J9MQ,C Thomas,3.6037
Feb-93,Clinton,Dem,J1MQ,J P Stevens,-1.8098
Feb-93,Clinton,Dem,J2MQ,D Souter,-0.7725
Feb-93,Clinton,Dem,J3MQ,H Blackmun,-0.0273
Feb-93,Clinton,Dem,J4MQ,B White,0.436
Feb-93,Clinton,Dem,J5MQ,A Kennedy,0.6823
Feb-93,Clinton,Dem,J6MQ,S D O'Connor,1.0147
Feb-93,Clinton,Dem,J7MQ,[G H W Bush 2],1.4156
Feb-93,Clinton,Dem,J8MQ,A Scalia,2.5145
Feb-93,Clinton,Dem,J9MQ,C Thomas,3.6037
Jan-93,Clinton,Dem,J1MQ,J P Stevens,-1.8098
Jan-93,Clinton,Dem,J2MQ,D Souter,-0.7725
Jan-93,Clinton,Dem,J3MQ,H Blackmun,-0.0273
Jan-93,Clinton,Dem,J4MQ,B White,0.436
Jan-93,Clinton,Dem,J5MQ,A Kennedy,0.6823
Jan-93,Clinton,Dem,J6MQ,S D O'Connor,1.0147
Jan-93,Clinton,Dem,J7MQ,[G H W Bush 2],1.4156
Jan-93,Clinton,Dem,J8MQ,A Scalia,2.5145
Jan-93,Clinton,Dem,J9MQ,C Thomas,3.6037
Dec-92,G H W Bush,Rep,J1MQ,J P Stevens,-1.8098
Dec-92,G H W Bush,Rep,J2MQ,D Souter,-0.7725
Dec-92,G H W Bush,Rep,J3MQ,H Blackmun,-0.0273
Dec-92,G H W Bush,Rep,J4MQ,B White,0.436
Dec-92,G H W Bush,Rep,J5MQ,A Kennedy,0.6823
Dec-92,G H W Bush,Rep,J6MQ,S D O'Connor,1.0147
Dec-92,G H W Bush,Rep,J7MQ,[G H W Bush 2],1.4156
Dec-92,G H W Bush,Rep,J8MQ,A Scalia,2.5145
Dec-92,G H W Bush,Rep,J9MQ,C Thomas,3.6037
Nov-92,G H W Bush,Rep,J1MQ,J P Stevens,-1.8098
Nov-92,G H W Bush,Rep,J2MQ,D Souter,-0.7725
Nov-92,G H W Bush,Rep,J3MQ,H Blackmun,-0.0273
Nov-92,G H W Bush,Rep,J4MQ,B White,0.436
Nov-92,G H W Bush,Rep,J5MQ,A Kennedy,0.6823
Nov-92,G H W Bush,Rep,J6MQ,S D O'Connor,1.0147
Nov-92,G H W Bush,Rep,J7MQ,[G H W Bush 2],1.4156
Nov-92,G H W Bush,Rep,J8MQ,A Scalia,2.5145
Nov-92,G H W Bush,Rep,J9MQ,C Thomas,3.6037
Oct-92,G H W Bush,Rep,J1MQ,J P Stevens,-1.8098
Oct-92,G H W Bush,Rep,J2MQ,D Souter,-0.7725
Oct-92,G H W Bush,Rep,J3MQ,H Blackmun,-0.0273
Oct-92,G H W Bush,Rep,J4MQ,B White,0.436
Oct-92,G H W Bush,Rep,J5MQ,A Kennedy,0.6823
Oct-92,G H W Bush,Rep,J6MQ,S D O'Connor,1.0147
Oct-92,G H W Bush,Rep,J7MQ,[G H W Bush 2],1.4156
Oct-92,G H W Bush,Rep,J8MQ,A Scalia,2.5145
Oct-92,G H W Bush,Rep,J9MQ,C Thomas,3.6037
Sep-92,G H W Bush,Rep,J1MQ,J P Stevens,-1.8098
Sep-92,G H W Bush,Rep,J2MQ,D Souter,-0.7725
Sep-92,G H W Bush,Rep,J3MQ,H Blackmun,-0.0273
Sep-92,G H W Bush,Rep,J4MQ,B White,0.436
Sep-92,G H W Bush,Rep,J5MQ,A Kennedy,0.6823
Sep-92,G H W Bush,Rep,J6MQ,S D O'Connor,1.0147
Sep-92,G H W Bush,Rep,J7MQ,[G H W Bush 2],1.4156
Sep-92,G H W Bush,Rep,J8MQ,A Scalia,2.5145
Sep-92,G H W Bush,Rep,J9MQ,C Thomas,3.6037
Aug-92,G H W Bush,Rep,J1MQ,J P Stevens,-1.8098
Aug-92,G H W Bush,Rep,J2MQ,D Souter,-0.7725
Aug-92,G H W Bush,Rep,J3MQ,H Blackmun,-0.0273
Aug-92,G H W Bush,Rep,J4MQ,B White,0.436
Aug-92,G H W Bush,Rep,J5MQ,A Kennedy,0.6823
Aug-92,G H W Bush,Rep,J6MQ,S D O'Connor,1.0147
Aug-92,G H W Bush,Rep,J7MQ,[G H W Bush 2],1.4156
Aug-92,G H W Bush,Rep,J8MQ,A Scalia,2.5145
Aug-92,G H W Bush,Rep,J9MQ,C Thomas,3.6037
Jul-92,G H W Bush,Rep,J1MQ,J P Stevens,-1.8098
Jul-92,G H W Bush,Rep,J2MQ,D Souter,-0.7725
Jul-92,G H W Bush,Rep,J3MQ,H Blackmun,-0.0273
Jul-92,G H W Bush,Rep,J4MQ,B White,0.436
Jul-92,G H W Bush,Rep,J5MQ,A Kennedy,0.6823
Jul-92,G H W Bush,Rep,J6MQ,S D O'Connor,1.0147
Jul-92,G H W Bush,Rep,J7MQ,[G H W Bush 2],1.4156
Jul-92,G H W Bush,Rep,J8MQ,A Scalia,2.5145
Jul-92,G H W Bush,Rep,J9MQ,C Thomas,3.6037
Jun-92,G H W Bush,Rep,J1MQ,J P Stevens,-1.8098
Jun-92,G H W Bush,Rep,J2MQ,D Souter,-0.7725
Jun-92,G H W Bush,Rep,J3MQ,H Blackmun,-0.0273
Jun-92,G H W Bush,Rep,J4MQ,B White,0.436
Jun-92,G H W Bush,Rep,J5MQ,A Kennedy,0.6823
Jun-92,G H W Bush,Rep,J6MQ,S D O'Connor,1.0147
Jun-92,G H W Bush,Rep,J7MQ,[G H W Bush 2],1.4156
Jun-92,G H W Bush,Rep,J8MQ,A Scalia,2.5145
Jun-92,G H W Bush,Rep,J9MQ,C Thomas,3.6037
May-92,G H W Bush,Rep,J1MQ,J P Stevens,-1.8098
May-92,G H W Bush,Rep,J2MQ,D Souter,-0.7725
May-92,G H W Bush,Rep,J3MQ,H Blackmun,-0.0273
May-92,G H W Bush,Rep,J4MQ,B White,0.436
May-92,G H W Bush,Rep,J5MQ,A Kennedy,0.6823
May-92,G H W Bush,Rep,J6MQ,S D O'Connor,1.0147
May-92,G H W Bush,Rep,J7MQ,[G H W Bush 2],1.4156
May-92,G H W Bush,Rep,J8MQ,A Scalia,2.5145
May-92,G H W Bush,Rep,J9MQ,C Thomas,3.6037
Apr-92,G H W Bush,Rep,J1MQ,J P Stevens,-1.8098
Apr-92,G H W Bush,Rep,J2MQ,D Souter,-0.7725
Apr-92,G H W Bush,Rep,J3MQ,H Blackmun,-0.0273
Apr-92,G H W Bush,Rep,J4MQ,B White,0.436
Apr-92,G H W Bush,Rep,J5MQ,A Kennedy,0.6823
Apr-92,G H W Bush,Rep,J6MQ,S D O'Connor,1.0147
Apr-92,G H W Bush,Rep,J7MQ,[G H W Bush 2],1.4156
Apr-92,G H W Bush,Rep,J8MQ,A Scalia,2.5145
Apr-92,G H W Bush,Rep,J9MQ,C Thomas,3.6037
Mar-92,G H W Bush,Rep,J1MQ,J P Stevens,-1.8098
Mar-92,G H W Bush,Rep,J2MQ,D Souter,-0.7725
Mar-92,G H W Bush,Rep,J3MQ,H Blackmun,-0.0273
Mar-92,G H W Bush,Rep,J4MQ,B White,0.436
Mar-92,G H W Bush,Rep,J5MQ,A Kennedy,0.6823
Mar-92,G H W Bush,Rep,J6MQ,S D O'Connor,1.0147
Mar-92,G H W Bush,Rep,J7MQ,[G H W Bush 2],1.4156
Mar-92,G H W Bush,Rep,J8MQ,A Scalia,2.5145
Mar-92,G H W Bush,Rep,J9MQ,C Thomas,3.6037
Feb-92,G H W Bush,Rep,J1MQ,J P Stevens,-1.8098
Feb-92,G H W Bush,Rep,J2MQ,D Souter,-0.7725
Feb-92,G H W Bush,Rep,J3MQ,H Blackmun,-0.0273
Feb-92,G H W Bush,Rep,J4MQ,B White,0.436
Feb-92,G H W Bush,Rep,J5MQ,A Kennedy,0.6823
Feb-92,G H W Bush,Rep,J6MQ,S D O'Connor,1.0147
Feb-92,G H W Bush,Rep,J7MQ,[G H W Bush 2],1.4156
Feb-92,G H W Bush,Rep,J8MQ,A Scalia,2.5145
Feb-92,G H W Bush,Rep,J9MQ,C Thomas,3.6037
Jan-92,G H W Bush,Rep,J1MQ,J P Stevens,-1.8098
Jan-92,G H W Bush,Rep,J2MQ,D Souter,-0.7725
Jan-92,G H W Bush,Rep,J3MQ,H Blackmun,-0.0273
Jan-92,G H W Bush,Rep,J4MQ,B White,0.436
Jan-92,G H W Bush,Rep,J5MQ,A Kennedy,0.6823
Jan-92,G H W Bush,Rep,J6MQ,S D O'Connor,1.0147
Jan-92,G H W Bush,Rep,J7MQ,[G H W Bush 2],1.4156
Jan-92,G H W Bush,Rep,J8MQ,A Scalia,2.5145
Jan-92,G H W Bush,Rep,J9MQ,C Thomas,3.6037
Dec-91,G H W Bush,Rep,J1MQ,J P Stevens,-1.8098
Dec-91,G H W Bush,Rep,J2MQ,D Souter,-0.7725
Dec-91,G H W Bush,Rep,J3MQ,H Blackmun,-0.0273
Dec-91,G H W Bush,Rep,J4MQ,B White,0.436
Dec-91,G H W Bush,Rep,J5MQ,A Kennedy,0.6823
Dec-91,G H W Bush,Rep,J6MQ,S D O'Connor,1.0147
Dec-91,G H W Bush,Rep,J7MQ,[G H W Bush 2],1.4156
Dec-91,G H W Bush,Rep,J8MQ,A Scalia,2.5145
Dec-91,G H W Bush,Rep,J9MQ,C Thomas,3.6037
Nov-91,G H W Bush,Rep,J1MQ,J P Stevens,-1.8098
Nov-91,G H W Bush,Rep,J2MQ,D Souter,-0.7725
Nov-91,G H W Bush,Rep,J3MQ,H Blackmun,-0.0273
Nov-91,G H W Bush,Rep,J4MQ,B White,0.436
Nov-91,G H W Bush,Rep,J5MQ,A Kennedy,0.6823
Nov-91,G H W Bush,Rep,J6MQ,S D O'Connor,1.0147
Nov-91,G H W Bush,Rep,J7MQ,[G H W Bush 2],1.4156
Nov-91,G H W Bush,Rep,J8MQ,A Scalia,2.5145
Nov-91,G H W Bush,Rep,J9MQ,C Thomas,3.6037
Oct-91,G H W Bush,Rep,J1MQ,J P Stevens,-1.8098
Oct-91,G H W Bush,Rep,J2MQ,D Souter,-0.7725
Oct-91,G H W Bush,Rep,J3MQ,H Blackmun,-0.0273
Oct-91,G H W Bush,Rep,J4MQ,B White,0.436
Oct-91,G H W Bush,Rep,J5MQ,A Kennedy,0.6823
Oct-91,G H W Bush,Rep,J6MQ,S D O'Connor,1.0147
Oct-91,G H W Bush,Rep,J7MQ,[G H W Bush 2],1.4156
Oct-91,G H W Bush,Rep,J8MQ,A Scalia,2.5145
Oct-91,G H W Bush,Rep,J9MQ,C Thomas,3.6037
Sep-91,G H W Bush,Rep,J1MQ,T Marshall,-2.8313
Sep-91,G H W Bush,Rep,J2MQ,J P Stevens,-1.8098
Sep-91,G H W Bush,Rep,J3MQ,D Souter,-0.7725
Sep-91,G H W Bush,Rep,J4MQ,H Blackmun,-0.0273
Sep-91,G H W Bush,Rep,J5MQ,B White,0.436
Sep-91,G H W Bush,Rep,J6MQ,A Kennedy,0.6823
Sep-91,G H W Bush,Rep,J7MQ,S D O'Connor,1.0147
Sep-91,G H W Bush,Rep,J8MQ,[G H W Bush 2],1.4156
Sep-91,G H W Bush,Rep,J9MQ,A Scalia,2.5145
Aug-91,G H W Bush,Rep,J1MQ,T Marshall,-2.8313
Aug-91,G H W Bush,Rep,J2MQ,J P Stevens,-1.8098
Aug-91,G H W Bush,Rep,J3MQ,D Souter,-0.7725
Aug-91,G H W Bush,Rep,J4MQ,H Blackmun,-0.0273
Aug-91,G H W Bush,Rep,J5MQ,B White,0.436
Aug-91,G H W Bush,Rep,J6MQ,A Kennedy,0.6823
Aug-91,G H W Bush,Rep,J7MQ,S D O'Connor,1.0147
Aug-91,G H W Bush,Rep,J8MQ,[G H W Bush 2],1.4156
Aug-91,G H W Bush,Rep,J9MQ,A Scalia,2.5145
Jul-91,G H W Bush,Rep,J1MQ,T Marshall,-2.8313
Jul-91,G H W Bush,Rep,J2MQ,J P Stevens,-1.8098
Jul-91,G H W Bush,Rep,J3MQ,D Souter,-0.7725
Jul-91,G H W Bush,Rep,J4MQ,H Blackmun,-0.0273
Jul-91,G H W Bush,Rep,J5MQ,B White,0.436
Jul-91,G H W Bush,Rep,J6MQ,A Kennedy,0.6823
Jul-91,G H W Bush,Rep,J7MQ,S D O'Connor,1.0147
Jul-91,G H W Bush,Rep,J8MQ,[G H W Bush 2],1.4156
Jul-91,G H W Bush,Rep,J9MQ,A Scalia,2.5145
Jun-91,G H W Bush,Rep,J1MQ,T Marshall,-2.8313
Jun-91,G H W Bush,Rep,J2MQ,J P Stevens,-1.8098
Jun-91,G H W Bush,Rep,J3MQ,D Souter,-0.7725
Jun-91,G H W Bush,Rep,J4MQ,H Blackmun,-0.0273
Jun-91,G H W Bush,Rep,J5MQ,B White,0.436
Jun-91,G H W Bush,Rep,J6MQ,A Kennedy,0.6823
Jun-91,G H W Bush,Rep,J7MQ,S D O'Connor,1.0147
Jun-91,G H W Bush,Rep,J8MQ,[G H W Bush 2],1.4156
Jun-91,G H W Bush,Rep,J9MQ,A Scalia,2.5145
May-91,G H W Bush,Rep,J1MQ,T Marshall,-2.8313
May-91,G H W Bush,Rep,J2MQ,J P Stevens,-1.8098
May-91,G H W Bush,Rep,J3MQ,D Souter,-0.7725
May-91,G H W Bush,Rep,J4MQ,H Blackmun,-0.0273
May-91,G H W Bush,Rep,J5MQ,B White,0.436
May-91,G H W Bush,Rep,J6MQ,A Kennedy,0.6823
May-91,G H W Bush,Rep,J7MQ,S D O'Connor,1.0147
May-91,G H W Bush,Rep,J8MQ,[G H W Bush 2],1.4156
May-91,G H W Bush,Rep,J9MQ,A Scalia,2.5145
Apr-91,G H W Bush,Rep,J1MQ,T Marshall,-2.8313
Apr-91,G H W Bush,Rep,J2MQ,J P Stevens,-1.8098
Apr-91,G H W Bush,Rep,J3MQ,D Souter,-0.7725
Apr-91,G H W Bush,Rep,J4MQ,H Blackmun,-0.0273
Apr-91,G H W Bush,Rep,J5MQ,B White,0.436
Apr-91,G H W Bush,Rep,J6MQ,A Kennedy,0.6823
Apr-91,G H W Bush,Rep,J7MQ,S D O'Connor,1.0147
Apr-91,G H W Bush,Rep,J8MQ,[G H W Bush 2],1.4156
Apr-91,G H W Bush,Rep,J9MQ,A Scalia,2.5145
Mar-91,G H W Bush,Rep,J1MQ,T Marshall,-2.8313
Mar-91,G H W Bush,Rep,J2MQ,J P Stevens,-1.8098
Mar-91,G H W Bush,Rep,J3MQ,D Souter,-0.7725
Mar-91,G H W Bush,Rep,J4MQ,H Blackmun,-0.0273
Mar-91,G H W Bush,Rep,J5MQ,B White,0.436
Mar-91,G H W Bush,Rep,J6MQ,A Kennedy,0.6823
Mar-91,G H W Bush,Rep,J7MQ,S D O'Connor,1.0147
Mar-91,G H W Bush,Rep,J8MQ,[G H W Bush 2],1.4156
Mar-91,G H W Bush,Rep,J9MQ,A Scalia,2.5145
Feb-91,G H W Bush,Rep,J1MQ,T Marshall,-2.8313
Feb-91,G H W Bush,Rep,J2MQ,J P Stevens,-1.8098
Feb-91,G H W Bush,Rep,J3MQ,D Souter,-0.7725
Feb-91,G H W Bush,Rep,J4MQ,H Blackmun,-0.0273
Feb-91,G H W Bush,Rep,J5MQ,B White,0.436
Feb-91,G H W Bush,Rep,J6MQ,A Kennedy,0.6823
Feb-91,G H W Bush,Rep,J7MQ,S D O'Connor,1.0147
Feb-91,G H W Bush,Rep,J8MQ,[G H W Bush 2],1.4156
Feb-91,G H W Bush,Rep,J9MQ,A Scalia,2.5145
Jan-91,G H W Bush,Rep,J1MQ,T Marshall,-2.8313
Jan-91,G H W Bush,Rep,J2MQ,J P Stevens,-1.8098
Jan-91,G H W Bush,Rep,J3MQ,D Souter,-0.7725
Jan-91,G H W Bush,Rep,J4MQ,H Blackmun,-0.0273
Jan-91,G H W Bush,Rep,J5MQ,B White,0.436
Jan-91,G H W Bush,Rep,J6MQ,A Kennedy,0.6823
Jan-91,G H W Bush,Rep,J7MQ,S D O'Connor,1.0147
Jan-91,G H W Bush,Rep,J8MQ,[G H W Bush 2],1.4156
Jan-91,G H W Bush,Rep,J9MQ,A Scalia,2.5145